path,name,youtube_link
Brad Benner Originals - Album 01/01 Get Out Of My Car.mp3,Get Out Of My Car,https://youtu.be/w9LTuiVmfzo
Brad Benner Originals - Album 01/02 No Goodbyes.mp3,No Goodbyes,https://youtu.be/Bz_L2wlGrUs
Brad Benner Originals - Album 01/03 Until I Die.mp3,Until I Die,https://youtu.be/HlNofOqx9c4
Brad Benner Originals - Album 01/04 My Love Is Patient.mp3,My Love Is Patient,https://youtu.be/lTMnpjhZ5Ms
Brad Benner Originals - Album 01/05 I'll Take You Home.mp3,I'll Take You Home,https://youtu.be/NPkkndlHwFo
Brad Benner Originals - Album 01/06 Montana Gibson 1.mp3,Montana Gibson,https://youtu.be/2XRYF6xv5o0
Brad Benner Originals - Album 01/07 Jesus Has My Back 1.mp3,Jesus Has My Back,https://youtu.be/jn6aXpK6P2g
Brad Benner Originals - Album 02/01 Long Long While _She's So Sweet_.mp3,Long Long While "She's So Sweet",https://youtu.be/R55yggj-QLI
Brad Benner Originals - Album 02/02 Ain't No Hope.mp3,Ain't No Hope,https://youtu.be/fvyMoXkMtgw
Brad Benner Originals - Album 02/03 35 Years.mp3,35 Years,https://youtu.be/fEh7gxpFw7A
Brad Benner Originals - Album 02/04 Hitch In Her Giddy Up.mp3,Hitch In Her Giddy Up,https://youtu.be/8g_JGTPPrfs
Brad Benner Originals - Album 02/05 Indiana Lane.mp3,Indiana Lane,https://youtu.be/dGymDTl6368
Brad Benner Originals - Album 02/06 It's The Lake.mp3,It's The Lake,https://youtu.be/GuNtTDJCyYg
Brad Benner Originals - Album 02/07 Life Is Good.mp3,Life Is Good,https://youtu.be/3JN2pluA6qA
Brad Benner Originals - Album 02/08 Rock Of Ages _Scotch On The Rocks.mp3,Rock Of Ages "Scotch On The Rocks",https://youtu.be/qOtztq8BMb8
Brad Benner Originals - Album 02/09 I Can't Do Another Day.mp3,I Can't Do Another Day,https://youtu.be/0IKW9jve4uo
Brad Benner Originals - Album 02/10 Jesus Partied With Sinners.mp3,Jesus Partied With Sinners,https://youtu.be/AmNTxdgnArA
Brad Benner Originals - Album 02/11 My Little Girl - _Megan's Song_.mp3,My Little Girl - "Megan's Song",https://youtu.be/h7D7ceviuHg
Brad Benner Originals - Album 03/01 Getting My Guitars.mp3,Getting My Guitars,https://youtu.be/7QkBhsRSkeU
Brad Benner Originals - Album 03/02 Track 02.mp3,Track 02,https://youtu.be/SbzZIuBQT4w
Brad Benner Originals - Album 03/03 Track 03.mp3,Track 03,https://youtu.be/XoXKBO0nsM8
Brad Benner Originals - Album 03/04 Miss You Dad.mp3,Miss You Dad,https://youtu.be/UP17K8iE19U
Brad Benner Originals - Album 03/05 Won't Reconcile - _Abortion_.mp3,Won't Reconcile - "Abortion",https://youtu.be/YTkGF1-6694
Brad Benner Originals - Album 03/06 Never Doubt Your Love.mp3,Never Doubt Your Love,https://youtu.be/oY733lUwbn4
Brad Benner Originals - Album 03/07 Our Favorite Beach.mp3,Our Favorite Beach,https://youtu.be/rS3mNiyJews
Brad Benner Originals - Album 03/08 Delle Jean.mp3,Delle Jean,https://youtu.be/FcoCz2-Qdiw
Brad Benner Originals - Album 03/09 One Season Lover.mp3,One Season Lover,https://youtu.be/NgOqAxwQCUA
Brad Benner Originals - Album 03/10 Everybody Knows Who I Am.mp3,Everybody Knows Who I Am,https://youtu.be/5GH_bXkT-Zo
Brad Benner Originals - Album 03/11 Track 11.mp3,Track 11,https://youtu.be/VL0STXeS2CY
Brad Benner Originals - Album 04/01 Wa Cry Wa.mp3,Wa Cry Wa
Brad Benner Originals - Album 04/02 Track 02.mp3,Track 02
Brad Benner Originals - Album 04/03 Track 03.mp3,Track 03
Brad Benner Originals - Album 04/04 Can't Read Her Mind.mp3,Can't Read Her Mind
Brad Benner Originals - Album 04/05 Crazy's Easy.mp3,Crazy's Easy
Brad Benner Originals - Album 04/06 Cheryl.mp3,Cheryl
Brad Benner Originals - Album 04/07 3 Minute Song.mp3,3 Minute Song
Brad Benner Originals - Album 04/08 Wiener Dog.mp3,Wiener Dog
Brad Benner Originals - Album 04/09 Redneck Girl.mp3,Redneck Girl
Brad Benner Originals - Album 04/10 Mister Man.mp3,Mister Man
Brad Benner Originals - Album 04/11 Rail Way Man.mp3,Rail Way Man
Brad Benner Originals - Album 04/12 Won't Give Into Them.mp3,Won't Give Into Them
Brad Benner Originals - Album 04/13 Swing Swing Swing.mp3,Swing Swing Swing
Brad Benner Originals - Album 05/01 Let Me Take You There.mp3,Let Me Take You There
Brad Benner Originals - Album 05/02 Wendall Tyler.mp3,Wendall Tyler
Brad Benner Originals - Album 05/03 Mighty Fine View.mp3,Mighty Fine View
Brad Benner Originals - Album 05/04 Carolina Lover.mp3,Carolina Lover
Brad Benner Originals - Album 05/05 Stronger Than Hell.mp3,Stronger Than Hell
Brad Benner Originals - Album 05/06 Because He Cared.mp3,Because He Cared
Brad Benner Originals - Album 05/07 Wrangler Jeans.mp3,Wrangler Jeans
Brad Benner Originals - Album 05/08 Keep On Walkin Little Girl.mp3,Keep On Walkin Little Girl
Brad Benner Originals - Album 05/09 Without Me - _Don't Like This Bed.mp3,Without Me - "Don't Like This Bed"
Brad Benner Originals - Album 05/10 Don't Call Her Home.mp3,Don't Call Her Home
Brad Benner Originals - Album 05/11 Shooting Star.mp3,Shooting Star
Brad Benner Originals - Album 06/01 Honey Dew.mp3,Honey Dew
Brad Benner Originals - Album 06/02 Wasted Tears.mp3,Wasted Tears
Brad Benner Originals - Album 06/03 Ain't My Destiny.mp3,Ain't My Destiny
Brad Benner Originals - Album 06/04 Winter Sucks.mp3,Winter Sucks
Brad Benner Originals - Album 06/05 Loretta Loves Me So Let It Be.mp3,Loretta Loves Me So Let It Be
Brad Benner Originals - Album 07/01 Self Centered SOB's.mp3,Self Centered SOB's
Brad Benner Originals - Album 07/02 Lay Her Down To Rest By Daddy.mp3,Lay Her Down To Rest By Daddy
Brad Benner Originals - Album 07/03 Without You.mp3,Without You
Brad Benner Originals - Album 07/04 Bluebird.mp3,Bluebird
Brad Benner Originals - Album 07/05 Love You Up (_).mp3,Love You Up
Brad Benner Originals - Album 07/06 Untitled (__).mp3,Untitled
Brad Benner Originals - Album 08/01 Bradley James.mp3,Bradley James
Brad Benner Originals - Album 08/02 Let It Go.mp3,Let It Go
Brad Benner Originals - Album 08/03 Minnie Mouse Rear.mp3,Minnie Mouse Rear
Brad Benner Originals - Album 08/04 Losin What I Got.mp3,Losin What I Got
Brad Benner Originals - Album 08/05 Rest Of My Life.mp3,Rest Of My Life
Brad Benner Originals - Album 08/06 Love Thats Divine.mp3,Love Thats Divine
Brad Benner Originals - Album 08/07 Caribbean Bound.mp3,Caribbean Bound
Brad Benner Originals - Album 08/08 I Smoked The Number.mp3,I Smoked The Number
Brad Benner Originals - Album 08/09 Don't Call Her Home.mp3,Don't Call Her Home
Brad Benner Originals - Album 08/10 Riding My Scooter To Town.mp3,Riding My Scooter To Town
Brad Benner Originals - Album 08/11 Turning Me Away.mp3,Turning Me Away
Brad Benner Originals - Album 08/12 Party All Night.mp3,Party All Night
Brad Benner Originals - Album 08/13 I Ain't Hot But He's A Jerk.mp3,I Ain't Hot But He's A Jerk
Brad Benner Originals - Album 08/14 Be Into Me.mp3,Be Into Me
Brad Benner Originals - Album 08/15 God And Me.mp3,God And Me
Brad Benner Originals - Album 08/16 Lightening Thunder and Rain.mp3,Lightening Thunder and Rain
Brad Benner Originals - Album 08/17 His Amazing Grace.mp3,His Amazing Grace
Brad Benner Originals - Album 08/18 Across The Rio Grande.mp3,Across The Rio Grande
Brad Benner Originals - Album 08/19 Untitled.mp3,Untitled
Brad Benner Originals - Album 10/01 The Past.mp3,The Past
Brad Benner Originals - Album 10/02 The Promise Land.mp3,The Promise Land
Brad Benner Originals - Album 10/03 For You And Me - _Died On That Cr.mp3,For You And Me - "Died On That Cross"
Brad Benner Originals - Album 10/04 I Like My Women.mp3,I Like My Women
Brad Benner Originals - Album 10/05 Monday Neath The Covers.mp3,Monday Neath The Covers
Brad Benner Originals - Album 10/06 Long Way Around.mp3,Long Way Around
Brad Benner Originals - Album 10/07 Turning Me Away.mp3,Turning Me Away
Brad Benner Originals - Album 10/08 Just Playin Guitar.mp3,Just Playin Guitar
Brad Benner Originals - Album 10/09 What The Heck.mp3,What The Heck
Brad Benner Originals - Album 10/10 I'm In Love With You.mp3,I'm In Love With You
Brad Benner Originals - Album 10/11 Mess Up.mp3,Mess Up
Brad Benner Originals - Album 10/12 Someone Loves You - _Bullying_.mp3,Someone Loves You - "Bullying"
Brad Benner Originals - Album 11/01 Across The Rio Grande 2.mp3,Across The Rio Grande 2
Brad Benner Originals - Album 11/02 Lucky Man.mp3,Lucky Man
Brad Benner Originals - Album 11/03 Epideral Girl.mp3,Epideral Girl
Brad Benner Originals - Album 11/04 Optimistic Break Up Song.mp3,Optimistic Break Up Song
Brad Benner Originals - Album 11/05 Nashville Flight.mp3,Nashville Flight
Brad Benner Originals - Album 11/06 Time.mp3,Time
Brad Benner Originals - Album 11/07 I'm In Love With You.mp3,I'm In Love With You
Brad Benner Originals - Album 11/08 Missin Saul.mp3,Missin Saul
Brad Benner Originals - Album 11/09 100 Songs.mp3,100 Songs
Brad Benner Originals - Album 11/10 She Did Her Job.mp3,She Did Her Job
Brad Benner Originals - Album 11/11 It Is What It Is.mp3,It Is What It Is
Brad Benner Originals - Album 12/01 Colorado.mp3,Colorado
Brad Benner Originals - Album 12/02 DeJavo.mp3,DeJavo
Brad Benner Originals - Album 12/03 Friend of a Friend - _Facebook Su.mp3,Friend of a Friend - "Facebook Sucks"
Brad Benner Originals - Album 12/04 Daddys Toys - _Bradley's Song_.mp3,Daddys Toys - "Bradley's Song"
Brad Benner Originals - Album 12/05 Help Me Through.mp3,Help Me Through
Brad Benner Originals - Album 12/06 Caf_in_o.mp3,Caf_in_o
Brad Benner Originals - Album 12/07 County Fair.mp3,County Fair
Brad Benner Originals - Album 12/08 Dirty Little Sinner.mp3,Dirty Little Sinner
Brad Benner Originals - Album 12/09 Tampa Bay.mp3,Tampa Bay
Brad Benner Originals - Album 12/10 My Guitar Love Sing.mp3,My Guitar Love Sing
Brad Benner Originals - Album 12/11 A Promise Kept.mp3,A Promise Kept
Brad Benner Originals - Album 12/12 King And Queen.mp3,King And Queen
Brad Benner Originals - Album 12/13 Better Than Gettin Dead.mp3,Better Than Gettin Dead
Brad Benner Originals - Album 12/14 Come on Home.mp3,Come on Home
Brad Benner Originals - Album 12/15 Don't Need a Superman.mp3,Don't Need a Superman
Brad Benner Originals - Album 13/01 Song In My Brain.mp3,Song In My Brain
Brad Benner Originals - Album 13/02 They Never Last.mp3,They Never Last
Brad Benner Originals - Album 13/03 Make It Rain.mp3,Make It Rain
Brad Benner Originals - Album 13/04 Revolving Mounds Abound.mp3,Revolving Mounds Abound
Brad Benner Originals - Album 13/05 Just When I Think I've Seen It Al.mp3,Just When I Think I've Seen It All
Brad Benner Originals - Album 13/06 Orphaned Child.mp3,Orphaned Child
Brad Benner Originals - Album 13/07 Had To Leave.mp3,Had To Leave
Brad Benner Originals - Album 13/08 Almost Finished School.mp3,Almost Finished School
Brad Benner Originals - Album 13/09 Again.mp3,Again
Brad Benner Originals - Album 13/10 Them Summer Winds.mp3,Them Summer Winds
Brad Benner Originals - Album 13/11 Danced Until The Sun.mp3,Danced Until The Sun
Brad Benner Originals - Album 13/12 Don't Need a Superman.mp3,Don't Need a Superman
Brad Benner Originals - Album 13/13 Walk Away From You.mp3,Walk Away From You
Brad Benner Originals - Album 13/14 My Circle Of Life.mp3,My Circle Of Life
Brad Benner Originals - Album 14/01 Union Street.mp3,Union Street
Brad Benner Originals - Album 14/02 What I Wanna Do.mp3,What I Wanna Do
Brad Benner Originals - Album 14/03 The Darkest Hour.mp3,The Darkest Hour
Brad Benner Originals - Album 14/04 Its Christmas Eve Again.mp3,Its Christmas Eve Again
Brad Benner Originals - Album 14/05 My Memories.mp3,My Memories
Brad Benner Originals - Album 14/06 Suicidal Addiction.mp3,Suicidal Addiction
Brad Benner Originals - Album 14/07 French Fries _Megan_.mp3,French Fries
Brad Benner Originals - Album 14/08 Turn Around Jessie.mp3,Turn Around Jessie
Brad Benner Originals - Album 14/09 I Ain't Dumb Just A Little Slow.mp3,I Ain't Dumb Just A Little Slow
Brad Benner Originals - Album 14/10 Oh That Jesus.mp3,Oh That Jesus
Brad Benner Originals - Album 14/11 I'm Comin Home.mp3,I'm Comin Home
Brad Benner Originals - Album 14/12 Mammas Cross.mp3,Mammas Cross
Brad Benner Originals - Album 14/13 You're Nuts Girl.mp3,You're Nuts Girl
Brad Benner Originals - Album 14/14 You're Little Tats.mp3,You're Little Tats
Brad Benner Originals - Album 14/15 Turn Out The Lights.mp3,Turn Out The Lights
Brad Benner Originals - Album 14/16 Hard To Say Goodbye.mp3,Hard To Say Goodbye
Brad Benner Originals - Album 15/01 Like I Did Yesterday.mp3,Like I Did Yesterday
Brad Benner Originals - Album 15/02 Judgement Blind.mp3,Judgement Blind
Brad Benner Originals - Album 15/03 Kissing Me Kissing Mine.mp3,Kissing Me Kissing Mine
Brad Benner Originals - Album 15/04 Blow Wind Blow.mp3,Blow Wind Blow
Brad Benner Originals - Album 15/05 That Pack Is Killin Me.mp3,That Pack Is Killin Me
Brad Benner Originals - Album 15/06 Re-Enter My Life.mp3,Re-Enter My Life
Brad Benner Originals - Album 15/07 Whiskey In The Punch.mp3,Whiskey In The Punch
Brad Benner Originals - Album 15/08 Can't Stop The Way I Think.mp3,Can't Stop The Way I Think
Brad Benner Originals - Album 15/09 Lookin Out My Window.mp3,Lookin Out My Window
Brad Benner Originals - Album 15/10 Little Book He Took.mp3,Little Book He Took
Brad Benner Originals - Album 15/11 It Was Easy.mp3,It Was Easy
Brad Benner Originals - Album 15/12 This Dance To Last.mp3,This Dance To Last
Brad Benner Originals - Album 15/13 Shriner Lake Marine Koozie.mp3,Shriner Lake Marine Koozie
Brad Benner Originals - Album 15/14 Cardboard Sign.mp3,Cardboard Sign
Brad Benner Originals - Album 15/15 In The Shadows.mp3,In The Shadows
Brad Benner Originals - Album 15/16 Caught Up In My Moods.mp3,Caught Up In My Moods
Brad Benner Originals - Album 15/17 I Need A Lover.mp3,I Need A Lover
Brad Benner Originals - Album 15/18 Misinterpretation.mp3,Misinterpretation
Brad Benner Originals - Album 15/19 Spend The Night.mp3,Spend The Night
Brad Benner Originals - Album 15/20 Promise We Would.mp3,Promise We Would
Brad Benner Originals - Album 15/21 Wish.mp3,Wish
Brad Benner Originals - Album 15/22 Don't Give Up On Us.mp3,Don't Give Up On Us
Brad Benner Originals - Album 16/01 I Don't Wanna Go.mp3,I Don't Wanna Go
Brad Benner Originals - Album 16/02 Her Minnesota Farm.mp3,Her Minnesota Farm
Brad Benner Originals - Album 16/03 Baby Take The Lead.mp3,Baby Take The Lead
Brad Benner Originals - Album 16/04 Beyond My Control.mp3,Beyond My Control
Brad Benner Originals - Album 16/05 Louisville Slugger.mp3,Louisville Slugger
Brad Benner Originals - Album 16/06 Memories Here To Stay.mp3,Memories Here To Stay
Brad Benner Originals - Album 16/07 Watch Your Back - _Google_.mp3,Watch Your Back - "Google"
Brad Benner Originals - Album 16/08 4th of July.mp3,4th of July
Brad Benner Originals - Album 16/09 Moment In Time.mp3,Moment In Time
Brad Benner Originals - Album 16/10 Wimmin.mp3,Wimmin
Brad Benner Originals - Album 16/11 Stalk My Neighbor APP.mp3,Stalk My Neighbor APP
Brad Benner Originals - Album 16/12 Yep She Be Doin It Again.mp3,Yep She Be Doin It Again
Brad Benner Originals - Album 16/13 What Am I Supposed To Do.mp3,What Am I Supposed To Do
Brad Benner Originals - Album 16/14 I Just Can't Get Over You.mp3,I Just Can't Get Over You
Brad Benner Originals - Album 16/15 Happy Meals.mp3,Happy Meals
Brad Benner Originals - Album 16/16 Come On Over.mp3,Come On Over
Brad Benner Originals - Album 16/17 Lovin By The Sea.mp3,Lovin By The Sea
Brad Benner Originals - Album 16/18 Why's It So Hard.mp3,Why's It So Hard
Brad Benner Originals - Album 16/19 The Pusher Man.mp3,The Pusher Man
Brad Benner Originals - Album 16/20 Supplemental Income.mp3,Supplemental Income
Brad Benner Originals - Album 16/21 No Tell Motel.mp3,No Tell Motel
Brad Benner Originals - Album 16/22 Slow It Down.mp3,Slow It Down
Brad Benner Originals - Album 16/23 I Can See The Light.mp3,I Can See The Light
Brad Benner Originals - Album 16/24 Kiss Me Baby.mp3,Kiss Me Baby
Brad Benner Originals - Album 17/01 Your Daddy's Country Home.mp3,Your Daddy's Country Home
Brad Benner Originals - Album 17/02 What More Did You Need.mp3,What More Did You Need
Brad Benner Originals - Album 17/03 I Be Gettin.mp3,I Be Gettin
Brad Benner Originals - Album 17/04 Don't You Drive By Me Again.mp3,Don't You Drive By Me Again
Brad Benner Originals - Album 17/05 Another Dream.mp3,Another Dream
Brad Benner Originals - Album 17/06 She's Worth The Hell.mp3,She's Worth The Hell
Brad Benner Originals - Album 17/07 Just A Little Sin.mp3,Just A Little Sin
Brad Benner Originals - Album 17/08 I'm Not Too Strong.mp3,I'm Not Too Strong
Brad Benner Originals - Album 17/09 Can I Be.mp3,Can I Be
Brad Benner Originals - Album 17/10 Nothin Left For Me To Hide.mp3,Nothin Left For Me To Hide
Brad Benner Originals - Album 17/11 Baby Let It Go.mp3,Baby Let It Go
Brad Benner Originals - Album 17/12 Maggie Brown.mp3,Maggie Brown
Brad Benner Originals - Album 17/13 Frickin Mouse.mp3,Frickin Mouse
Brad Benner Originals - Album 17/14 Team Work.mp3,Team Work
Brad Benner Originals - Album 17/15 Just Tell The Truth.mp3,Just Tell The Truth
Brad Benner Originals - Album 17/16 Miserable.mp3,Miserable
Brad Benner Originals - Album 17/17 Westin Idaho.mp3,Westin Idaho
Brad Benner Originals - Album 17/18 Face of an Angel.mp3,Face of an Angel
Brad Benner Originals - Album 17/19 You Got Me Here.mp3,You Got Me Here
Brad Benner Originals - Album 17/20 10 Percent.mp3,10 Percent
Brad Benner Originals - Album 17/21 She Lied To Me.mp3,She Lied To Me
Brad Benner Originals - Album 17/22 I Thank The Lord.mp3,I Thank The Lord
Brad Benner Originals - Album 17/23 Thy Will Be Done.mp3,Thy Will Be Done
Brad Benner Originals - Album 17/24 PontoonsOnly.com.mp3,PontoonsOnly.com
Brad Benner Originals - Album 17/25 Don't Tell The Wife.mp3,Don't Tell The Wife
Brad Benner Originals - Album 18/01 Just One More Time.mp3,Just One More Time
Brad Benner Originals - Album 18/02 Was The First Time.mp3,Was The First Time
Brad Benner Originals - Album 18/03 The Mirror Never Lies.mp3,The Mirror Never Lies
Brad Benner Originals - Album 18/04 A Livin Hell.mp3,A Livin Hell
Brad Benner Originals - Album 18/05 Bout Went To Far.mp3,Bout Went To Far
Brad Benner Originals - Album 18/06 Its History.mp3,Its History
Brad Benner Originals - Album 18/07 Damn You All In Washington D.C..mp3,Damn You All In Washington D.C.
Brad Benner Originals - Album 18/08 That Train Didn't Stop.mp3,That Train Didn't Stop
Brad Benner Originals - Album 18/09 Back Off Bitch.mp3,Back Off Bitch
Brad Benner Originals - Album 18/10 Mexican Sand.mp3,Mexican Sand
Brad Benner Originals - Album 18/11 Dammit I Tried.mp3,Dammit I Tried
Brad Benner Originals - Album 18/12 Its OK To Walk Away.mp3,Its OK To Walk Away
Brad Benner Originals - Album 18/13 The Weekends Up N Gone.mp3,The Weekends Up N Gone
Brad Benner Originals - Album 18/14 Ya Better Be Lonely.mp3,Ya Better Be Lonely
Brad Benner Originals - Album 18/15 You Got The What I Need.mp3,You Got The What I Need
Brad Benner Originals - Album 18/16 Cottage On Red Bud Hill.mp3,Cottage On Red Bud Hill
Brad Benner Originals - Album 18/17 Dance The Waltz Again.mp3,Dance The Waltz Again
Brad Benner Originals - Album 18/18 Squirella Like My Dad.mp3,Squirella Like My Dad
Brad Benner Originals - Album 18/19 Don't Need Pity.mp3,Don't Need Pity
Brad Benner Originals - Album 19/01 No Voices of Shame.mp3,No Voices of Shame
Brad Benner Originals - Album 19/02 Where Did Everybody Go.mp3,Where Did Everybody Go
Brad Benner Originals - Album 19/03 She Told Me A Lie.mp3,She Told Me A Lie
Brad Benner Originals - Album 19/04 You Ain't Worth A Nickle Of My Time.mp3,You Ain't Worth A Nickle Of My Time
Brad Benner Originals - Album 19/05 What Is Love Without A Lover.mp3,What Is Love Without A Lover
Brad Benner Originals - Album 19/06 Left Unsaid.mp3,Left Unsaid
Brad Benner Originals - Album 19/07 Bakelite Jesus.mp3,Bakelite Jesus
Brad Benner Originals - Album 19/08 I Promised You.mp3,I Promised You
Brad Benner Originals - Album 19/09 Don't You Cry When We Say Goodbye.mp3,Don't You Cry When We Say Goodbye
Brad Benner Originals - Album 19/10 She Be Never Lookin Back.mp3,She Be Never Lookin Back
Brad Benner Originals - Album 19/11 Sometimes Life Can Be A Bitch.mp3,Sometimes Life Can Be A Bitch
Brad Benner Originals - Album 19/12 She Can Never Love Again.mp3,She Can Never Love Again
Brad Benner Originals - Album 19/13 Till I Fall Asleep.mp3,Till I Fall Asleep
Brad Benner Originals - Album 19/14 Frickin Quarentine.mp3,Frickin Quarentine
Brad Benner Originals - Album 19/15 Hello Sunshine.mp3,Hello Sunshine
Brad Benner Originals - Album 19/16 I Found My Happiness.mp3,I Found My Happiness
Brad Benner Originals - Album 19/17 Baby Its Time To Go.mp3,Baby Its Time To Go
Brad Benner Originals - Album 19/18 Hello Jesus I'm In Trouble.mp3,Hello Jesus I'm In Trouble
Brad Benner Originals - Album 19/19 I've Been Blessed.mp3,I've Been Blessed
Brad Benner Originals - Album 20/01 Losin Time.mp3,Losin Time
Brad Benner Originals - Album 20/02 Satisfied Desires.mp3,Satisfied Desires
Brad Benner Originals - Album 20/03 Yep That's OK.mp3,Yep That's OK
Brad Benner Originals - Album 20/04 Missin Me.mp3,Missin Me
Brad Benner Originals - Album 20/05 Pardon Me.mp3,Pardon Me
Brad Benner Originals - Album 20/06 Anything Goes.mp3,Anything Goes
Brad Benner Originals - Album 20/07 That Boxcar Door.mp3,That Boxcar Door
Brad Benner Originals - Album 20/08 A Sinner Just Like Me.mp3,A Sinner Just Like Me
Brad Benner Originals - Album 20/09 I Can Never Be Just Your Friend.mp3,I Can Never Be Just Your Friend
Brad Benner Originals - Album 20/10 I Need To Wish For You.mp3,I Need To Wish For You
Brad Benner Originals - Album 20/11 Rain Down From His Face.mp3,Rain Down From His Face
Brad Benner Originals - Album 20/12 You Don't Think I Don't Know.mp3,You Don't Think I Don't Know
Brad Benner Originals - Album 20/13 Not Playin A Game.mp3,Not Playin A Game
Brad Benner Originals - Album 20/14 Prozac Girl.mp3,Prozac Girl
Brad Benner Originals - Album 20/15 Go To Fast.mp3,Go To Fast
Brad Benner Originals - Album 20/16 All American Star Spangled Butt.mp3,All American Star Spangled Butt
Brad Benner Originals - Album 20/17 Christmas At Home.mp3,Christmas At Home
Brad Benner Originals - Album 20/18 Anymore.mp3,Anymore
Brad Benner Originals - Album 20/19 If You Were Me.mp3,If You Were Me
Brad Benner Originals - Album 20/20 She'll Be Waitin For Me.mp3,She'll Be Waitin For Me
Brad Benner Originals - Album 20/21 That Guitar It Should Of Been Min.mp3,That Guitar It Should Of Been Mine
Brad Benner Originals - Album 20/22 Memories Of That Hell.mp3,Memories Of That Hell
